prototype,category,family,min_level,max_level,durability_min_level,durability_max_level,wears_on_defense
clothes_gmpress,clothing,modern_items,1,60,128,222.4,true
clothes_leaf_01,clothing,clothes_novice,1,30,64,110.4,true
clothes_leaf_01_money,clothing,clothes_novice,1,30,64,110.4,true
hat_leaf,accessory,hat_settler,1,30,128,174.4,true
clothes_straw_01,clothing,clothes_novice,1,30,64,110.4,true
hat_straw,accessory,hat_settler,1,30,128,174.4,true
clothes_leather_01,clothing,clothes_novice,5,30,70.4,110.4,true
clothes_shield,clothing,clothes_novice,5,30,70.4,110.4,true
clothes_shield_02,clothing,clothes_novice,15,35,86.4,118.4,true
hat_shield_02,accessory,hat_settler,15,35,150.4,182.4,true
clothes_hanbok,clothing,clothes_novice,1,60,64,158.4,true
clothes_hanbok_store,clothing,clothes_novice,1,60,64,158.4,true
clothes_mobility,clothing,clothes_settler,10,30,142.4,174.4,true
clothes_settler_01_apron,clothing,clothes_settler,15,35,150.4,182.4,true
clothes_settler_01,clothing,clothes_settler,20,40,158.4,190.4,true
hat_settler_01,accessory,hat_settler,20,40,158.4,190.4,true
clothes_settler_02,clothing,clothes_settler,30,50,174.4,206.4,true
hat_settler_02,accessory,hat_settler,30,50,174.4,206.4,true
clothes_settler_flower,clothing,clothes_settler,35,55,182.4,214.4,true
clothes_settler_pajamas,clothing,clothes_settler,40,60,190.4,222.4,true
clothes_settler_02_sociable,clothing,clothes_settler,35,55,182.4,214.4,true
hat_settler_02_sociable,accessory,hat_settler,35,55,182.4,214.4,true
clothes_settler_02_sociable_t2,clothing,clothes_settler,50,60,206.4,222.4,true
hat_settler_02_sociable_t2,accessory,hat_settler,50,60,206.4,222.4,true
clothes_settler_03_worker,clothing,clothes_settler,45,60,198.4,222.4,true
hat_settler_03_worker,accessory,hat_settler,45,60,198.4,222.4,true
clothes_designer_01,clothing,clothes_settler,50,60,206.4,222.4,true
clothes_settler_02_maker,clothing,clothes_settler,35,55,182.4,214.4,true
clothes_settler_03_farmer,clothing,clothes_settler,40,60,190.4,222.4,true
hat_settler_03_farmer,accessory,hat_settler,40,60,190.4,222.4,true
clothes_chef_01,clothing,clothes_settler,50,60,206.4,222.4,true
hat_chef_01,accessory,hat_settler,50,60,206.4,222.4,true
clothes_builder_01,clothing,clothes_settler,45,60,198.4,222.4,true
hat_builder_01,accessory,hat_settler,45,60,198.4,222.4,true
clothes_linen_01,clothing,clothes_explorer,15,35,150.4,182.4,true
clothes_explorer_01,clothing,clothes_explorer,20,40,158.4,190.4,true
hat_explorer_01,accessory,hat_explorer,20,40,158.4,190.4,true
clothes_explorer_02,clothing,clothes_explorer,25,45,166.4,198.4,true
hat_explorer_02,accessory,hat_explorer,25,45,166.4,198.4,true
clothes_explorer_02_scout,clothing,clothes_explorer,35,55,182.4,214.4,true
clothes_explorer_02_scout_t2,clothing,clothes_explorer,50,60,206.4,222.4,true
hat_explorer_02_scout_t2,accessory,hat_explorer,50,60,206.4,222.4,true
clothes_explorer_03_miner,clothing,clothes_explorer,45,60,198.4,222.4,true
hat_explorer_03_miner,accessory,hat_explorer,45,60,198.4,222.4,true
clothes_explorer_02_squad,clothing,clothes_explorer,35,55,182.4,214.4,true
hat_explorer_02_squad,accessory,hat_explorer,35,55,182.4,214.4,true
clothes_explorer_03_collector,clothing,clothes_explorer,40,60,190.4,222.4,true
hat_explorer_03_collector,accessory,hat_explorer,40,60,190.4,222.4,true
clothes_sneak_01,clothing,clothes_hunter,50,60,206.4,222.4,true
hat_sneak_01,accessory,hat_hunter,50,60,206.4,222.4,true
clothes_winter_01,clothing,clothes_hunter,20,40,158.4,190.4,true
hat_winter_01,accessory,hat_hunter,20,40,158.4,190.4,true
clothes_hunter_01,clothing,clothes_hunter,25,45,166.4,198.4,true
clothes_hunter_02,clothing,clothes_hunter,30,50,174.4,206.4,true
clothes_hunter_02_hunter,clothing,clothes_hunter,35,55,182.4,214.4,true
hat_hunter_02_hunter,accessory,hat_hunter,35,55,182.4,214.4,true
clothes_hunter_03_skill,clothing,clothes_hunter,45,60,198.4,222.4,true
hat_hunter_03_skill,accessory,hat_hunter,45,60,198.4,222.4,true
clothes_hunter_03_skill_t2,clothing,clothes_hunter,50,60,206.4,222.4,true
hat_hunter_03_skill_t2,accessory,hat_hunter,50,60,206.4,222.4,true
clothes_assault_01,clothing,clothes_hunter,50,60,206.4,222.4,true
hat_assault_01,accessory,hat_hunter,50,60,206.4,222.4,true
clothes_hunter_02_strong,clothing,clothes_hunter,35,55,182.4,214.4,true
hat_hunter_02_strong,accessory,hat_hunter,35,55,182.4,214.4,true
clothes_hunter_03_hunt,clothing,clothes_hunter,45,60,198.4,222.4,true
hat_hunter_03_hunt,accessory,hat_hunter,45,60,198.4,222.4,true
clothes_sniper_01,clothing,clothes_hunter,50,60,206.4,222.4,true
hat_sniper_01,accessory,hat_hunter,50,60,206.4,222.4,true
clothes_warp_plastic,clothing,clothes_hunter,35,55,182.4,214.4,true
clothes_warp_tire,clothing,clothes_hunter,45,60,198.4,222.4,true
clothes_engineer_torn,clothing,modern_items,1,35,128,182.4,true
clothes_engineer,clothing,modern_items,1,35,128,182.4,true
clothes_engineer_store,clothing,modern_items,1,60,128,222.4,true
clothes_engineer_remodeled_01,clothing,clothes_novice,1,35,64,118.4,true
clothes_farmer_torn,clothing,modern_items,1,35,128,182.4,true
clothes_farmer,clothing,modern_items,1,35,128,182.4,true
clothes_farmer_store,clothing,modern_items,1,60,128,222.4,true
clothes_farmer_remodeled_01,clothing,clothes_novice,1,35,64,118.4,true
clothes_homeworker_torn,clothing,modern_items,1,35,128,182.4,true
clothes_homeworker,clothing,modern_items,1,35,128,182.4,true
clothes_homeworker_store,clothing,modern_items,1,60,128,222.4,true
clothes_homeworker_remodeled_01,clothing,clothes_novice,1,35,64,118.4,true
clothes_jobless_torn,clothing,modern_items,1,35,128,182.4,true
clothes_jobless,clothing,modern_items,1,35,128,182.4,true
clothes_jobless_store,clothing,modern_items,1,60,128,222.4,true
clothes_jobless_remodeled_01,clothing,clothes_novice,1,35,64,118.4,true
clothes_officeworker_torn,clothing,modern_items,1,35,128,182.4,true
clothes_officeworker,clothing,modern_items,1,35,128,182.4,true
clothes_officeworker_store,clothing,modern_items,1,60,128,222.4,true
clothes_officeworker_remodeled_01,clothing,clothes_novice,1,35,64,118.4,true
clothes_soldier_torn,clothing,modern_items,1,35,128,182.4,true
clothes_soldier,clothing,modern_items,1,35,128,182.4,true
clothes_soldier_store,clothing,modern_items,1,60,128,222.4,true
clothes_soldier_remodeled_01,clothing,clothes_novice,1,35,64,118.4,true
clothes_student_torn,clothing,modern_items,1,35,128,182.4,true
clothes_student,clothing,modern_items,1,35,128,182.4,true
clothes_student_store,clothing,modern_items,1,60,128,222.4,true
clothes_student_remodeled_01,clothing,clothes_novice,1,35,64,118.4,true
clothes_waiter_torn,clothing,modern_items,1,35,128,182.4,true
clothes_waiter,clothing,modern_items,1,35,128,182.4,true
clothes_waiter_store,clothing,modern_items,1,60,128,222.4,true
clothes_waiter_remodeled_01,clothing,clothes_novice,1,35,64,118.4,true
clothes_charming_01,clothing,clothes_settler,1,60,128,222.4,true
clothes_defender_01,clothing,clothes_hunter,1,60,128,222.4,true
clothes_hawker_01,clothing,clothes_settler,1,60,128,222.4,true
clothes_heavy_01,clothing,clothes_hunter,1,60,128,222.4,true
clothes_leader_01,clothing,clothes_settler,1,60,128,222.4,true
clothes_medic_01,clothing,clothes_settler,1,60,128,222.4,true
clothes_shaman_01,clothing,clothes_settler,1,60,128,222.4,true
hat_straw_02,accessory,hat,25,45,166.4,198.4,true
hat_buket,accessory,hat,30,50,174.4,206.4,true
hat_knit,accessory,hat,40,60,190.4,222.4,true
hat_gat,accessory,hat,1,60,128,222.4,true
hat_binyeo,accessory,hat,1,60,128,222.4,true
gloves_oversleeve_01_fabric,accessory,gloves,1,30,128,174.4,true
gloves_oversleeve_01_leaf,accessory,gloves,1,30,128,174.4,true
gloves_oversleeve_01_leather,accessory,gloves,1,30,128,174.4,true
gloves_oversleeve_01_fur,accessory,gloves,1,30,128,174.4,true
gloves_halffinger_01_fabric,accessory,gloves,15,35,150.4,182.4,true
gloves_mitten_01_leather,accessory,gloves,30,50,174.4,206.4,true
gloves_mitten_01_fur,accessory,gloves,30,50,174.4,206.4,true
gloves_knit,accessory,gloves,40,60,190.4,222.4,true
gloves_fivefinger_01_leather,accessory,gloves,25,45,166.4,198.4,true
gloves_fivefinger_01_fur,accessory,gloves,25,45,166.4,198.4,true
gloves_fivefinger_01_armored,accessory,gloves,25,45,166.4,198.4,true
gloves_bone_01_bone,accessory,gloves,45,60,198.4,222.4,true
gloves_bone_01_horn,accessory,gloves,45,60,198.4,222.4,true
gloves_bone_01_cuirass,accessory,gloves,45,60,198.4,222.4,true
gloves_bone_01_ivory,accessory,gloves,45,60,198.4,222.4,true
gloves_armorcrafting,accessory,gloves,50,60,206.4,222.4,true
gloves_weaponcrafting,accessory,gloves,50,60,206.4,222.4,true
gloves_stabproof,accessory,gloves,50,60,206.4,222.4,true
boots_stabproof,accessory,shoes,50,60,206.4,222.4,true
shoes_footwraps_fabric,accessory,shoes,1,30,128,174.4,true
shoes_footwraps_leaf,accessory,shoes,1,30,128,174.4,true
shoes_footwraps_leather,accessory,shoes,1,30,128,174.4,true
shoes_sandal_straw,accessory,shoes,1,30,128,174.4,true
shoes_sandal_leather,accessory,shoes,15,35,150.4,182.4,true
shoes_moccasin_01_fabric,accessory,shoes,20,40,158.4,190.4,true
shoes_waterproof,accessory,shoes,35,55,182.4,214.4,true
shoes_wood,accessory,shoes,5,30,134.4,174.4,true
shoes_boots_01_leather,accessory,shoes,25,45,166.4,198.4,true
shoes_boots_01_fur,accessory,shoes,25,45,166.4,198.4,true
shoes_boots_01_armored,accessory,shoes,25,45,166.4,198.4,true
shoes_bone_01_bone,accessory,shoes,45,60,198.4,222.4,true
shoes_bone_01_horn,accessory,shoes,45,60,198.4,222.4,true
shoes_bone_01_cuirass,accessory,shoes,45,60,198.4,222.4,true
shoes_bone_01_ivory,accessory,shoes,45,60,198.4,222.4,true
bag_leaf,accessory,bag,1,30,128,174.4,true
bag_fabric,accessory,bag,10,30,142.4,174.4,true
bag_small,accessory,bag,15,35,150.4,182.4,true
bag_cross,accessory,bag,25,45,166.4,198.4,true
bag_back,accessory,bag,45,60,198.4,222.4,true
bag_water_pouch,accessory,bag,10,30,142.4,174.4,true
bag_water_bamboo,accessory,bag,10,30,142.4,174.4,true
bag_water_coconut,accessory,bag,10,30,142.4,174.4,true
bag_water_horn,accessory,bag,25,45,166.4,198.4,true
bag_water_fabric,accessory,bag,35,55,182.4,214.4,true
bag_water_sack,accessory,bag,45,60,198.4,222.4,true
necklace_flower,accessory,,1,30,128,174.4,true
necklace_feather,accessory,,10,30,142.4,174.4,true
necklace_pearl,accessory,,30,50,174.4,206.4,true
necklace_tag,accessory,,40,60,190.4,222.4,true
necklace_tag_starting,accessory,,1,20,128,158.4,true
necklace_jem,accessory,,50,60,206.4,222.4,true
necklace_electrum,accessory,,50,60,206.4,222.4,true
necklace_brachiotooth,accessory,,50,60,206.4,222.4,true
corsage_carnation_01,accessory,,1,60,128,222.4,true
corsage_carnation_02,accessory,,1,60,128,222.4,true
clothes_carnival_store,clothing,modern_items,1,60,128,222.4,true
hat_carnival_store,accessory,modern_items;hat,1,60,128,222.4,true
clothes_ghillie_suit_store,clothing,modern_items,1,60,128,222.4,true
clothes_police_store,clothing,modern_items,1,60,128,222.4,true
hat_police_store,accessory,modern_items;hat,1,60,128,222.4,true
clothes_taekwondo_store,clothing,modern_items,1,60,128,222.4,true
clothes_tights_store,clothing,modern_items,1,60,128,222.4,true
clothes_dino_01_store,clothing,modern_items,1,60,128,222.4,true
clothes_dino_01_event,clothing,modern_items,1,60,128,222.4,true
clothes_firefighter_store,clothing,modern_items,1,60,128,222.4,true
hat_firefighter_store,accessory,modern_items;hat,1,60,128,222.4,true
hat_dogee_store,accessory,modern_items;hat,1,60,128,222.4,true
hat_dogee_event,accessory,modern_items;hat,1,60,128,222.4,true
hat_statue_01_store,accessory,modern_items;hat,1,60,128,222.4,true
clothes_cherryblossoms_store,clothing,clothes_settler,1,60,128,222.4,true
hat_cherryblossoms_store,accessory,modern_items;hat,1,60,128,222.4,true
clothes_cargopants,clothing,modern_items,20,35,158.4,182.4,true
clothes_northernface_store,clothing,modern_items,1,60,128,222.4,true
clothes_northernface,clothing,modern_items,50,60,206.4,222.4,true
hat_box_01_store,accessory,modern_items;hat,1,60,128,222.4,true
hat_box_01_event,accessory,modern_items;hat,1,60,128,222.4,true
hat_box_01,accessory,modern_items;hat,10,20,142.4,158.4,true
hat_party_store,accessory,modern_items;hat,1,60,128,222.4,true
hat_party,accessory,modern_items;hat,15,25,150.4,166.4,true
hat_party_100thday_event,accessory,modern_items;hat,1,60,128,222.4,true
hat_chickenhead_store,accessory,modern_items;hat,1,60,128,222.4,true
hat_chickenhead,accessory,modern_items;hat,20,30,158.4,174.4,true
hat_pirate_store,accessory,modern_items;hat,1,60,128,222.4,true
hat_pirate,accessory,modern_items;hat,25,35,166.4,182.4,true
hat_horse_store,accessory,modern_items;hat,1,60,128,222.4,true
hat_horse,accessory,modern_items;hat,30,40,174.4,190.4,true
hat_ghost_store,accessory,modern_items;hat,1,60,128,222.4,true
hat_ghost,accessory,modern_items;hat,40,50,190.4,206.4,true
hat_sombrero_store,accessory,modern_items;hat,1,60,128,222.4,true
hat_sombrero,accessory,modern_items;hat,35,45,182.4,198.4,true
hat_keffiyeh_store,accessory,modern_items;hat,1,60,128,222.4,true
hat_keffiyeh,accessory,modern_items;hat,50,60,206.4,222.4,true
hat_northernface_store,accessory,modern_items;hat,1,60,128,222.4,true
hat_northernface,accessory,modern_items;hat,30,40,174.4,190.4,true
hat_thief_store,accessory,modern_items;hat,1,60,128,222.4,true
hat_thief,accessory,modern_items;hat,50,60,206.4,222.4,true
hat_ushanka_store,accessory,modern_items;hat,1,60,128,222.4,true
hat_ushanka,accessory,modern_items;hat,55,60,214.4,222.4,true
hat_bucket_store,accessory,modern_items;hat,1,60,128,222.4,true
hat_bucket,accessory,modern_items;hat,15,30,150.4,174.4,true
hat_bucket_starting,accessory,modern_items;hat,1,20,128,158.4,true
hat_hockey_store,accessory,modern_items;hat,1,60,128,222.4,true
hat_hockey,accessory,modern_items;hat,20,30,158.4,174.4,true
hat_safety_store,accessory,modern_items;hat,1,60,128,222.4,true
hat_safety,accessory,modern_items;hat,40,50,190.4,206.4,true
hat_bike_store,accessory,modern_items;hat,1,60,128,222.4,true
hat_bike,accessory,modern_items;hat,45,55,198.4,214.4,true
hat_cyborg_store,accessory,modern_items;hat,1,60,128,222.4,true
hat_cyborg,accessory,modern_items;hat,50,60,206.4,222.4,true
hat_trafficcone_store,accessory,modern_items;hat,1,60,128,222.4,true
hat_trafficcone,accessory,modern_items;hat,25,60,166.4,222.4,true
hat_seal,accessory,modern_items;hat,10,25,142.4,166.4,true
money_paper,accessory,modern_items;hat,1,35,128,182.4,true
gloves_work_01,accessory,modern_items;gloves,10,20,142.4,158.4,true
gloves_work_01_event,accessory,modern_items;gloves,1,60,128,222.4,true
shoes_snikers_01,accessory,modern_items;shoes,25,35,166.4,182.4,true
shoes_snikers_01_event,accessory,modern_items;shoes,1,60,128,222.4,true
shoes_rubber,accessory,modern_items;shoes,45,55,198.4,214.4,true
shoes_highheel,accessory,modern_items;shoes,15,39,150.4,188.8,true
bag_birkin,accessory,modern_items;bag,40,50,190.4,206.4,true
clothes_bikini_f,clothing,modern_items,35,50,182.4,206.4,true
clothes_swimsuit_m,clothing,modern_items,35,50,182.4,206.4,true
clothes_tube,clothing,modern_items,50,60,206.4,222.4,true
hat_sunglasses,accessory,modern_items;hat,50,60,206.4,222.4,true
clothes_santa,clothing,modern_items,1,60,128,222.4,true
clothes_santa_balloon,clothing,modern_items,1,60,128,222.4,true
clothes_snowman,clothing,modern_items,1,60,128,222.4,true
hat_santa,accessory,modern_items;hat,1,60,128,222.4,true
hat_santa_beard,accessory,modern_items;hat,1,60,128,222.4,true
gloves_fivefinger_rescue,accessory,gloves,1,60,128,222.4,true
shoes_boots_rescue,accessory,shoes,1,60,128,222.4,true
bag_rescue,accessory,bag,1,60,128,222.4,true
gloves_fivefinger_recruiter_common,accessory,gloves,1,60,128,222.4,true
shoes_boots_recruiter_common,accessory,shoes,1,60,128,222.4,true
hot_pack,accessory,,1,60,128,222.4,true
muffler_fur_wolf,accessory,,1,60,128,222.4,true
hat_fur_wolf,accessory,hat_hunter,1,60,128,222.4,true
gloves_halffinger_fur_wolf,accessory,gloves,1,60,128,222.4,true
shoes_boots_fur_wolf,accessory,shoes,1,60,128,222.4,true
gloves_fivefinger_recruiter_lead,accessory,gloves,1,60,128,222.4,true
shoes_boots_recruiter_lead,accessory,shoes,1,60,128,222.4,true
clothes_recruiter_common,clothing,clothes_hunter,1,60,128,222.4,true
clothes_recruiter_lead,clothing,clothes_hunter,1,60,128,222.4,true
hat_recruiter_common,accessory,hat_hunter,1,60,128,222.4,true
hat_recruiter_lead,accessory,hat_hunter,1,60,128,222.4,true
clothes_phenacodus_yellow_store,clothing,,1,60,1,1,false
clothes_phenacodus_black_store,clothing,,1,60,1,1,false
clothes_phenacodus_brown_store,clothing,,1,60,1,1,false
clothes_phenacodus_babypink_store,clothing,,1,60,1,1,false
clothes_phenacodus_hotpink_store,clothing,,1,60,1,1,false
clothes_faction_rescue_01,clothing,,1,60,1,1,false
hat_headset,accessory,modern_items;hat,1,60,128,222.4,true
clothes_vestment_event,clothing,modern_items,1,60,128,222.4,true
clothes_idol_event,clothing,modern_items,1,60,128,222.4,true
clothes_soccer_uniform_01_store,clothing,,1,60,1,1,false
clothes_soccer_uniform_02_store,clothing,,1,60,1,1,false
clothes_soccer_uniform_03_store,clothing,,1,60,1,1,false
teddy_bear,accessory,modern_items,30,45,174.4,198.4,true
teddy_bear_event,accessory,modern_items,1,60,128,222.4,true
digitalwatch,accessory,modern_items,45,60,198.4,222.4,true
event_compy_doll,accessory,modern_items,1,60,128,222.4,true
event_train_ticket,accessory,modern_items,1,60,128,222.4,true
event_fountain_pen,accessory,modern_items,1,60,128,222.4,true
event_soft_socks,accessory,modern_items,1,60,128,222.4,true
event_suitcase,accessory,modern_items,1,60,128,222.4,true
event_contact_lenses,accessory,modern_items,1,60,128,222.4,true
event_handkerchief,accessory,modern_items,1,60,128,222.4,true
event_camo_cream,accessory,modern_items,1,60,128,222.4,true
event_mouse,accessory,modern_items,1,60,128,222.4,true
event_medicine_chest,accessory,modern_items,1,60,128,222.4,true
event_fountain_pen_archive,accessory,modern_items,1,60,128,222.4,true
event_medal_bronze,accessory,modern_items,1,60,128,222.4,true
event_medal_silver,accessory,modern_items,1,60,128,222.4,true
event_medal_gold,accessory,modern_items,1,60,128,222.4,true
event_tablet,accessory,modern_items,1,60,128,222.4,true
event_flashlight,accessory,modern_items,1,60,128,222.4,true
event_mapae ,accessory,modern_items,1,60,128,222.4,true
event_sharon_badge,accessory,modern_items,1,60,128,222.4,true
event_JM_bag,accessory,modern_items;bag,1,60,128,222.4,true
clothes_long_jacket_event,clothing,modern_items,1,60,128,222.4,true
clothes_dashiki_event,clothing,modern_items,1,60,128,222.4,true
clothes_idol_avatar_store,clothing,,1,60,1,1,false
clothes_raincoat_yellow,clothing,modern_items,1,60,1,1,false
clothes_petbottle,clothing,clothes_novice,1,60,64,158.4,true
hat_petbottle,accessory,hat,1,60,128,222.4,true
clothes_ninja,clothing,modern_items,1,60,128,222.4,true
hat_ninja,accessory,modern_items;hat,1,60,128,222.4,true
hat_watermelon_01,accessory,hat,1,60,128,222.4,true
clothes_rashguard,clothing,,1,60,128,222.4,true
clothes_rashguard_avatar_01_store,clothing,,1,60,1,1,false
clothes_rashguard_avatar_02_store,clothing,,1,60,1,1,false
clothes_rashguard_avatar_03_store,clothing,,1,60,1,1,false
bag_bamboo,accessory,bag,1,60,128,222.4,true
clothes_rashguard_avatar_04_store,clothing,,1,60,1,1,false
clothes_rashguard_avatar_05_store,clothing,,1,60,1,1,false
clothes_rashguard_avatar_06_store,clothing,,1,60,1,1,false
clothes_swimsuit_01,clothing,modern_items,1,60,128,222.4,true
clothes_robe_cardigan_event,clothing,modern_items,1,60,128,222.4,true
clothes_cargopants_avatar_store,clothing,modern_items,1,60,1,1,false
clothes_carnival_avatar_store,clothing,modern_items,1,60,1,1,false
clothes_dino_01_avatar_store,clothing,modern_items,1,60,1,1,false
clothes_engineer_avatar_store,clothing,modern_items,1,60,1,1,false
clothes_farmer_avatar_store,clothing,modern_items,1,60,1,1,false
clothes_firefighter_avatar_store,clothing,modern_items,1,60,1,1,false
clothes_ghillie_suit_avatar_store,clothing,modern_items,1,60,1,1,false
clothes_gmpress_avatar_store,clothing,modern_items,1,60,1,1,false
clothes_homeworker_avatar_store,clothing,modern_items,1,60,1,1,false
clothes_jobless_avatar_store,clothing,modern_items,1,60,1,1,false
clothes_northernface_avatar_store,clothing,modern_items,1,60,1,1,false
clothes_officeworker_avatar_store,clothing,modern_items,1,60,1,1,false
clothes_police_avatar_store,clothing,modern_items,1,60,1,1,false
clothes_santa_avatar_store,clothing,modern_items,1,60,1,1,false
clothes_santa_balloon_avatar_store,clothing,modern_items,1,60,1,1,false
clothes_snowman_avatar_store,clothing,modern_items,1,60,1,1,false
clothes_soldier_avatar_store,clothing,modern_items,1,60,1,1,false
clothes_student_avatar_store,clothing,modern_items,1,60,1,1,false
clothes_swimsuit_01_avatar_store,clothing,modern_items,1,60,1,1,false
clothes_taekwondo_avatar_store,clothing,modern_items,1,60,1,1,false
clothes_tights_avatar_store,clothing,modern_items,1,60,1,1,false
clothes_waiter_avatar_store,clothing,modern_items,1,60,1,1,false
hat_bike_avatar_store,accessory,modern_items;hat,1,60,1,1,false
hat_binyeo_avatar_store,accessory,hat,1,60,1,1,false
hat_box_01_avatar_store,accessory,modern_items;hat,1,60,1,1,false
hat_bucket_avatar_store,accessory,modern_items;hat,1,60,1,1,false
hat_carnival_avatar_store,accessory,modern_items;hat,1,60,1,1,false
hat_chickenhead_avatar_store,accessory,modern_items;hat,1,60,1,1,false
hat_cyborg_avatar_store,accessory,modern_items;hat,1,60,1,1,false
hat_dogee_avatar_store,accessory,modern_items;hat,1,60,1,1,false
hat_firefighter_avatar_store,accessory,modern_items;hat,1,60,1,1,false
hat_gat_avatar_store,accessory,hat,1,60,1,1,false
hat_ghost_avatar_store,accessory,modern_items;hat,1,60,1,1,false
hat_hockey_avatar_store,accessory,modern_items;hat,1,60,1,1,false
hat_horse_avatar_store,accessory,modern_items;hat,1,60,1,1,false
hat_keffiyeh_avatar_store,accessory,modern_items;hat,1,60,1,1,false
hat_northernface_avatar_store,accessory,modern_items;hat,1,60,1,1,false
hat_party_avatar_store,accessory,modern_items;hat,1,60,1,1,false
hat_pirate_avatar_store,accessory,modern_items;hat,1,60,1,1,false
hat_safety_avatar_store,accessory,modern_items;hat,1,60,1,1,false
hat_santa_avatar_store,accessory,modern_items;hat,1,60,1,1,false
hat_santa_beard_avatar_store,accessory,modern_items;hat,1,60,1,1,false
hat_sombrero_avatar_store,accessory,modern_items;hat,1,60,1,1,false
hat_statue_01_avatar_store,accessory,modern_items;hat,1,60,1,1,false
hat_sunglasses_avatar_store,accessory,modern_items;hat,1,60,1,1,false
hat_thief_avatar_store,accessory,modern_items;hat,1,60,1,1,false
hat_trafficcone_avatar_store,accessory,modern_items;hat,1,60,1,1,false
hat_ushanka_avatar_store,accessory,modern_items;hat,1,60,1,1,false
clothes_hanbok_avatar_store,clothing,clothes_novice,1,60,1,1,false
clothes_soccer_indonesia_avatar_01,clothing,,1,60,1,1,false
clothes_soccer_indonesia_avatar_02,clothing,,1,60,1,1,false
clothes_soccer_korea_avatar_01,clothing,,1,60,1,1,false
clothes_soccer_korea_avatar_02,clothing,,1,60,1,1,false
hat_pachy,accessory,hat,40,60,190.4,222.4,true
clothes_moon_rabbit_avatar,clothing,modern_items,1,60,1,1,false
hat_moon_rabbit_avatar,accessory,modern_items;hat,1,60,1,1,false
clothes_moon_rabbit_avatar_01,clothing,modern_items,1,60,1,1,false
hat_moon_rabbit_avatar_01,accessory,modern_items;hat,1,60,1,1,false
clothes_trenchcoat_avatar,clothing,modern_items,1,60,1,1,false
hat_glasses_avatar,accessory,modern_items;hat,1,60,1,1,false
clothes_trenchcoat_avatar_01,clothing,modern_items,1,60,1,1,false
clothes_hanbok_avatar_store_01,clothing,clothes_novice,1,60,1,1,false
clothes_trenchcoat_avatar_02,clothing,modern_items,1,60,1,1,false
clothes_trenchcoat_avatar_03,clothing,modern_items,1,60,1,1,false
clothes_recruiter_lead_avatar_01,clothing,clothes_hunter,1,60,1,1,false
hat_recruiter_lead_avatar_01,accessory,hat_hunter;hat,1,60,1,1,false
hat_pumpkin,accessory,hat;hat,1,60,128,222.4,true
clothes_skeleton_event,clothing,modern_items,1,60,128,222.4,true
hat_skeleton_event,accessory,modern_items;hat,1,60,128,222.4,true
clothes_skeleton_avatar,clothing,modern_items,1,60,1,1,false
hat_skeleton_avatar,accessory,modern_items;hat,1,60,1,1,false
s02_clothes_rope,clothing,,1,60,128,222.4,true
s02_hat_rope,accessory,hat,1,60,128,222.4,true
s02_clothes_plastic,clothing,,1,60,128,222.4,true
s02_hat_plastic,accessory,hat,1,60,128,222.4,true
s02_clothes_rubber,clothing,,1,60,128,222.4,true
s02_hat_rubber,accessory,hat,1,60,128,222.4,true
s02_gloves_leaf,accessory,gloves,1,60,128,222.4,true
s02_shoes_leaf,accessory,shoes,1,60,128,222.4,true
s02_gloves_plastic,accessory,gloves,1,60,128,222.4,true
s02_shoes_plastic,accessory,shoes,1,60,128,222.4,true
s02_gloves_rubber,accessory,gloves,1,60,128,222.4,true
s02_shoes_rubber,accessory,shoes,1,60,128,222.4,true
s02_gloves_lotus_leaf,accessory,gloves,1,60,128,222.4,true
s02_shoes_lotus_leaf,accessory,shoes,1,60,128,222.4,true
s02_gloves_leather,accessory,gloves,1,60,128,222.4,true
s02_shoes_leather,accessory,shoes,1,60,128,222.4,true
s02_gloves_towel,accessory,gloves,1,60,128,222.4,true
s02_shoes_towel,accessory,shoes,1,60,128,222.4,true
s02_gloves_leaf_02,accessory,gloves,1,60,128,222.4,true
s02_shoes_leaf_02,accessory,shoes,1,60,128,222.4,true
s02_gloves_plastic_02,accessory,gloves,1,60,128,222.4,true
s02_shoes_plastic_02,accessory,shoes,1,60,128,222.4,true
s02_gloves_rubber_02,accessory,gloves,1,60,128,222.4,true
s02_shoes_rubber_02,accessory,shoes,1,60,128,222.4,true
s02_gloves_lotus_leaf_02,accessory,gloves,1,60,128,222.4,true
s02_shoes_lotus_leaf_02,accessory,shoes,1,60,128,222.4,true
s02_gloves_leather_02,accessory,gloves,1,60,128,222.4,true
s02_shoes_leather_02,accessory,shoes,1,60,128,222.4,true
s02_gloves_towel_02,accessory,gloves,1,60,128,222.4,true
s02_shoes_towel_02,accessory,shoes,1,60,128,222.4,true
s02_doll,accessory,,1,60,128,222.4,true
s02_stick,accessory,,1,60,128,222.4,true
s02_seal,accessory,,1,60,128,222.4,true
s02_special_ladle,accessory,,1,60,128,222.4,true
s02_special_awl,accessory,,1,60,128,222.4,true
s02_special_wristband,accessory,,1,60,128,222.4,true
s02_gloves_work_01,accessory,modern_items;gloves,1,60,128,222.4,true
s02_shoes_highheel,accessory,modern_items;shoes,1,60,128,222.4,true
s02_clothes_rope_avatar,clothing,,1,60,1,1,false
s02_hat_rope_avatar,accessory,hat,1,60,1,1,false
s02_clothes_plastic_avatar,clothing,,1,60,1,1,false
s02_hat_plastic_avatar,accessory,hat,1,60,1,1,false
s02_clothes_rubber_avatar,clothing,,1,60,1,1,false
s02_hat_rubber_avatar,accessory,hat,1,60,1,1,false
s02_bag_plastic,accessory,modern_items;bag,1,60,128,222.4,true
s02_wappen_slug,accessory,modern_items,1,60,128,222.4,true
clothes_halloween_witch_avatar,clothing,modern_items,1,60,1,1,false
hat_halloween_witch_avatar,accessory,modern_items;hat,1,60,1,1,false
clothes_halloween_witch_avatar_02,clothing,modern_items,1,60,1,1,false
hat_halloween_witch_avatar_02,accessory,modern_items;hat,1,60,1,1,false
clothes_assault_01_gstar2018,clothing,clothes_hunter,50,60,206.4,222.4,true
clothes_santa_balloon_2018,clothing,modern_items,1,60,128,222.4,true
clothes_santa_top_2018,clothing,modern_items,1,60,128,222.4,true
clothes_santa_bottom_2018,clothing,modern_items,1,60,128,222.4,true
clothes_santa_fur_2018,clothing,modern_items,1,60,128,222.4,true
clothes_santa_2018_avatar,clothing,modern_items,1,60,1,1,false
hat_santa_2018_avatar,accessory,modern_items;hat,1,60,1,1,false
necklace_goldenpig_event,accessory,,1,60,128,222.4,true
hat_ballon_pig_2019,accessory,modern_items;hat,1,60,1,1,false
s02_clothes_assault_01,clothing,clothes_hunter,50,60,206.4,222.4,true
s02_hat_assault_01,accessory,hat_hunter,50,60,206.4,222.4,true
clothes_hanbok_avatar_2019_store,clothing,clothes_novice,1,60,1,1,false
hat_hanbok_avatar_2019_store,clothing,clothes_novice,1,60,1,1,false
necklace_material_jokbo_01,accessory,,1,70,128,238.4,true
necklace_material_jokbo_02,accessory,,1,70,128,238.4,true
necklace_material_jokbo_03,accessory,,1,70,128,238.4,true
necklace_material_jokbo_04,accessory,,1,70,128,238.4,true
necklace_material_jokbo_05,accessory,,1,70,128,238.4,true
necklace_material_jokbo_06,accessory,,1,70,128,238.4,true
necklace_material_jokbo_07,accessory,,1,70,128,238.4,true
necklace_gold_jokbo,accessory,,1,70,128,238.4,true
hat_flower_anniversary_1st,clothing,modern_items,1,60,1,1,false
clothes_spa_avatar_2019_store,clothing,modern_items,1,60,1,1,false
hat_spa_avatar_2019_store,accessory,modern_items;hat,1,60,1,1,false
clothes_school_event_cardigan,clothing,modern_items,1,60,1,1,false
clothes_school_event_cardigan_hat,clothing,modern_items,1,60,1,1,false
clothes_school_event_exercise_suit,clothing,modern_items,1,60,1,1,false
hat_elephant_avatar,clothing,modern_items,1,60,1,1,false
cherryblossom_2019_bag,accessory,bag,1,60,128,222.4,true
clothes_picnic,clothing,modern_items,1,60,1,1,false
clothes_picnic_hat,clothing,modern_items,1,60,1,1,false
clothes_phenacodus,clothing,modern_items,1,60,1,1,false
bag_phenacodus,accessory,bag,1,60,128,222.4,true
doll_phenacodus,accessory,modern_items,1,60,128,222.4,true
bag_water_sack_event,accessory,bag,1,60,128,222.4,true
hat_headset_01,accessory,modern_items;hat,1,60,1,1,false
clothes_vestment_event_01,clothing,modern_items,1,60,1,1,false
clothes_idol_event_01,clothing,modern_items,1,60,1,1,false
clothes_long_jacket_event_01,clothing,modern_items,1,60,1,1,false
clothes_dashiki_event_01,clothing,modern_items,1,60,1,1,false
clothes_robe_cardigan_event_01,clothing,modern_items,1,60,1,1,false
hat_special_collector_avatar,accessory,modern_items;hat,1,60,1,1,false
hat_special_farmer_avatar,accessory,modern_items;hat,1,60,1,1,false
hat_special_chef_avatar,accessory,modern_items;hat,1,60,1,1,false
hat_special_officer_avatar,accessory,modern_items;hat,1,60,1,1,false
hat_special_builder_avatar,accessory,modern_items;hat,1,60,1,1,false
hat_special_collector_01,accessory,modern_items;hat,1,60,128,222.4,true
hat_special_farmer_01,accessory,modern_items;hat,1,60,128,222.4,true
hat_special_chef_01,accessory,modern_items;hat,1,60,128,222.4,true
hat_special_officer_01,accessory,modern_items;hat,1,60,128,222.4,true
hat_special_builder_01,accessory,modern_items;hat,1,60,128,222.4,true
clothes_tights_metallic_dark,clothing,modern_items,1,60,1,1,false
clothes_tights_metallic_medium,clothing,modern_items,1,60,1,1,false
clothes_tights_metallic_light,clothing,modern_items,1,60,1,1,false
clothes_tights_metallic_gold,clothing,modern_items,1,60,1,1,false
clothes_tights_metallic_bronze,clothing,modern_items,1,60,1,1,false
clothes_tights_metallic_copper,clothing,modern_items,1,60,1,1,false
hat_plastercast_gold,accessory,modern_items;hat,1,60,1,1,false
hat_plastercast_crystal,accessory,modern_items;hat,1,60,1,1,false
hat_plastercast_metal,accessory,modern_items;hat,1,60,1,1,false
hat_box_store_doll,accessory,modern_items;hat,1,60,1,1,false
hat_box_store_invoice,accessory,modern_items;hat,1,60,1,1,false
hat_box_store_office,accessory,modern_items;hat,1,60,1,1,false
hat_box_store_bird,accessory,modern_items;hat,1,60,1,1,false
clothes_soccer_uniform_03_quest,clothing,,1,60,1,1,false
hat_techwear_avatar,accessory,modern_items;hat,1,60,1,1,false
clothes_techwear_avatar,clothing,modern_items,1,60,1,1,false
hat_statue_liberty,accessory,modern_items;hat,1,60,1,1,false
hat_nationalflag,accessory,modern_items;hat,1,60,1,1,false
nametag_collector,accessory,modern_items,1,60,128,222.4,true
nametag_farmer,accessory,modern_items,1,60,128,222.4,true
nametag_chef,accessory,modern_items,1,60,128,222.4,true
nametag_officer,accessory,modern_items,1,60,128,222.4,true
nametag_builder,accessory,modern_items,1,60,128,222.4,true
clothes_warprush_pajamas_01,clothing,,1,60,1,1,false
clothes_warprush_pajamas_02,clothing,,1,60,1,1,false
clothes_brachio_costume,clothing,modern_items,1,60,1,1,false
hat_brachio_costume,accessory,modern_items;hat,1,60,1,1,false
clothes_jasmine_hat,clothing,clothes_novice,1,60,64,158.4,true
clothes_jasmine_dress,clothing,clothes_novice,1,60,64,158.4,true
necklace_jasmine,accessory,modern_items,1,60,128,222.4,true
clothes_hawaiian_costume,clothing,,1,60,1,1,false
hat_hawaiian_costume,accessory,hat,1,60,1,1,false
keyring_korea_flag,accessory,bag,1,60,128,222.4,true
clothes_clubbing,clothing,modern_items,1,60,1,1,false
hat_clubbing,accessory,modern_items;hat,1,60,1,1,false
hat_techwear,accessory,modern_items;hat,1,60,128,222.4,true
clothes_techwear,clothing,modern_items,1,60,128,222.4,true
bag_big,accessory,bag,1,60,128,222.4,true
shoes_lavaproof,accessory,shoes,1,60,128,222.4,true
shoes_lavaproof_event,accessory,shoes,1,60,128,222.4,true
jewel_glasses,accessory,,1,60,128,222.4,true
jewel_goggles,accessory,,1,60,128,222.4,true
jewel_magnifier,accessory,,1,60,128,222.4,true
clothes_builder_02,clothing,clothes_settler,50,60,206.4,222.4,true
hat_builder_02,accessory,hat_settler,50,60,206.4,222.4,true
clothes_explorer_04,clothing,clothes_explorer,50,60,206.4,222.4,true
hat_explorer_04,accessory,hat_explorer,50,60,206.4,222.4,true
gloves_volcanic_heat,accessory,gloves,50,60,206.4,222.4,true
shoes_volcanic_heat,accessory,shoes,50,60,206.4,222.4,true
clothes_hunter_04,clothing,clothes_hunter,50,60,206.4,222.4,true
hat_hunter_04,accessory,hat_hunter,50,60,206.4,222.4,true
earplug_anti_tyrano,accessory,,1,70,128,238.4,true
gloves_volcanic_heat_temporary,accessory,gloves,1,60,128,222.4,true
shoes_volcanic_heat_temporary,accessory,shoes,1,60,128,222.4,true
apple_sunset,accessory,modern_items,1,60,128,222.4,true
